name,link,subscribers,videos
Cool games,https://www.youtube.com/https://www.youtube.com/c/CoolGAMES1,2.83M subscribers,"1,027 videos"
UJ GAMES,https://www.youtube.com/https://www.youtube.com/channel/UCmBAil8B00rtozdkGwFZuNA,813 subscribers,31 videos
Testing Games,https://www.youtube.com/https://www.youtube.com/c/TestingGames,455K subscribers,"1,262 videos"
GSC Game World,https://www.youtube.com/https://www.youtube.com/c/GSCGameWorldOfficial,151K subscribers,14 videos
Funny Family Games tv,https://www.youtube.com/https://www.youtube.com/channel/UC18k1PkmSegPj7DgDpHCk-Q,6.7M subscribers,"1,259 videos"
CrossFit Games,https://www.youtube.com/https://www.youtube.com/c/CrossFitGamesTV,753K subscribers,"5,956 videos"
FuNNy GaMeS/–§–∞–ù–∏–ö\ –ò –ö–û–¢–ò–ö –ë–†–ê–Ø–ù,https://www.youtube.com/https://www.youtube.com/channel/UCMVTQuZs4XkNnBl4PKZgWog,546K subscribers,"2,043 videos"
Roastery Games,https://www.youtube.com/https://www.youtube.com/c/RoasteryGames,4.76K subscribers,11 videos
Kefir Games,https://www.youtube.com/https://www.youtube.com/c/KefirGames,152K subscribers,213 videos
Story Games UA,https://www.youtube.com/https://www.youtube.com/channel/UC0zPn0FxbQs5vx3DO6ER_zg,340 subscribers,100 videos
HUMAN WASD Games,https://www.youtube.com/https://www.youtube.com/c/HUMANWASDGames,15.8K subscribers,96 videos
Little Movies - Games & Fun,https://www.youtube.com/https://www.youtube.com/c/LittleMoviesGamesFun,2.96M subscribers,"1,470 videos"
Gear Games,https://www.youtube.com/https://www.youtube.com/user/GearGamesInc,23.1K subscribers,39 videos
–ú–∏—Ö–∞–ª—ã—á –í –¢–æ–ø–µ Games,https://www.youtube.com/https://www.youtube.com/channel/UC0OlH1wUaUUE-sC3QrZFnSA,105K subscribers,"5,065 videos"
- Games Walkthrough,https://www.youtube.com/https://www.youtube.com/channel/UCpQPHuUa9O9pOAjORZAIA4w,248K subscribers,525 videos
Gaming,https://www.youtube.com/https://www.youtube.com/gaming,92.8M subscribers,
Gogo Lessons & English with Games,https://www.youtube.com/https://www.youtube.com/c/GogoLessons,220K subscribers,78 videos
ANI GAMES,https://www.youtube.com/https://www.youtube.com/c/ANIGAMESPVZ2,66.4K subscribers,237 videos
Real Games,https://www.youtube.com/https://www.youtube.com/c/RealgamesPt,4.19K subscribers,64 videos
Games For Kids Hub,https://www.youtube.com/https://www.youtube.com/c/GamesForKidsHub,80.2K subscribers,99 videos
Total Mayhem Games,https://www.youtube.com/https://www.youtube.com/c/TotalMayhemGames,2.77K subscribers,56 videos
Oppana Games,https://www.youtube.com/https://www.youtube.com/c/OppanaGames,209K subscribers,165 videos
Tellurion Mobile Games,https://www.youtube.com/https://www.youtube.com/c/TellurionMobileGames,218K subscribers,"1,287 videos"
Madness Games,https://www.youtube.com/https://www.youtube.com/c/MadnessGamesOfficial,40.2K subscribers,95 videos
Plarium Games,https://www.youtube.com/https://www.youtube.com/c/PlariumGames,182K subscribers,263 videos
Games Done Quick,https://www.youtube.com/https://www.youtube.com/c/gamesdonequick,913K subscribers,"4,698 videos"
Sofia Playing Games,https://www.youtube.com/https://www.youtube.com/c/SofiaPlayingGames,4.58K subscribers,209 videos
DERMOR Games,https://www.youtube.com/https://www.youtube.com/channel/UCRvw7i6T5z6KhIZTAK88Scw,615 subscribers,261 videos
Bini Games,https://www.youtube.com/https://www.youtube.com/channel/UCuK1T0mVzKRXxH7IMfJFCCw,5.52K subscribers,158 videos
Toxic Games,https://www.youtube.com/https://www.youtube.com/c/ToxicGamesStudio,912 subscribers,42 videos
All Kind Games,https://www.youtube.com/https://www.youtube.com/channel/UCEuBqGH5GUHI2JKX--aBRaA,227K subscribers,826 videos
Steamforged Games,https://www.youtube.com/https://www.youtube.com/c/SteamforgedGames,11.6K subscribers,413 videos
Mimimi Games,https://www.youtube.com/https://www.youtube.com/c/MimimiYouTube,1.71K subscribers,58 videos
Northway Games,https://www.youtube.com/https://www.youtube.com/c/NorthwayGames,659 subscribers,79 videos
Mad Head Games,https://www.youtube.com/https://www.youtube.com/user/MadHeadGames,915 subscribers,28 videos
Owlcat Games,https://www.youtube.com/https://www.youtube.com/c/OwlcatGamesStudio,29.2K subscribers,99 videos
Dejobaan Games,https://www.youtube.com/https://www.youtube.com/user/dejobaan,1.45K subscribers,151 videos
Neural Net Games,https://www.youtube.com/https://www.youtube.com/channel/UCS2FoDYpOFZ42XQ7iy9OU3Q,4.06K subscribers,129 videos
NY Games UA,https://www.youtube.com/https://www.youtube.com/channel/UCVuvmwBrJskxKVXnT0Ja97g,345 subscribers,148 videos
Panda Fighting Games,https://www.youtube.com/https://www.youtube.com/c/PandaFightingGames,55.8K subscribers,213 videos
AI and Games,https://www.youtube.com/https://www.youtube.com/c/AIGamesSeries,177K subscribers,105 videos
SlugFest Games,https://www.youtube.com/https://www.youtube.com/channel/UCuxgh2lfoGfenu_bIYzbRZQ,1.37K subscribers,128 videos
Indigo Gaming,https://www.youtube.com/https://www.youtube.com/c/IndigoGamingChannel,180K subscribers,55 videos
Home Of Games,https://www.youtube.com/https://www.youtube.com/c/HomeOfGamesYT,4.24M subscribers,601 videos
Graffiti Games,https://www.youtube.com/https://www.youtube.com/c/GraffitiGames,1.91K subscribers,106 videos
FYRE Games Official,https://www.youtube.com/https://www.youtube.com/channel/UCmN85zq608bVyFPk-3geDpA,842 subscribers,15 videos
People Make Games,https://www.youtube.com/https://www.youtube.com/c/PeopleMakeGames,410K subscribers,43 videos
"Rogue Games, Inc.",https://www.youtube.com/https://www.youtube.com/c/RogueGamesInc,2.44K subscribers,82 videos
TerreDice Games,https://www.youtube.com/https://www.youtube.com/c/TerreDiceGames,5.9K subscribers,98 videos
Bof games,https://www.youtube.com/https://www.youtube.com/channel/UCozhavMC5oIn1JxjLuP6D8Q,22.3K subscribers,499 videos
Whitemoon Games,https://www.youtube.com/https://www.youtube.com/c/WhitemoonGames,5.24K subscribers,25 videos
Freedom Games,https://www.youtube.com/https://www.youtube.com/c/freedomgames,1.99K subscribers,72 videos
Stingbot Games,https://www.youtube.com/https://www.youtube.com/channel/UCyTpJiG-DrtYWJylMg-ZVFQ,201 subscribers,29 videos
Best Indie Games,https://www.youtube.com/https://www.youtube.com/c/ClemmyGames,114K subscribers,"1,608 videos"
Snopek Games,https://www.youtube.com/https://www.youtube.com/c/SnopekGames,1.6K subscribers,134 videos
Noclip - Video Game Documentaries,https://www.youtube.com/https://www.youtube.com/c/NoclipVideo,732K subscribers,182 videos
BabyBus - Kids Games - Educational App,https://www.youtube.com/https://www.youtube.com/channel/UCkdaMs8HG6_Ni4mnNIWG8uw,166K subscribers,104 videos
Smosh Games,https://www.youtube.com/https://www.youtube.com/c/SmoshGames,7.37M subscribers,"2,817 videos"
Next Games,https://www.youtube.com/https://www.youtube.com/c/nxtgms,86K subscribers,142 videos
Orange Studios Games,https://www.youtube.com/https://www.youtube.com/channel/UC4cPan9K83llf262NkvgMcA,118K subscribers,29 videos
Sunny Games & Technology,https://www.youtube.com/https://www.youtube.com/channel/UCJjOwQWrlEdym9MRIqCXaTA,69.9K subscribers,110 videos
Magnetic Games,https://www.youtube.com/https://www.youtube.com/c/MagneticGamesIT,4.06M subscribers,336 videos
Food Then Games,https://www.youtube.com/https://www.youtube.com/c/FoodThenGames,43K subscribers,743 videos
Lo-Fi Games,https://www.youtube.com/https://www.youtube.com/c/LoFiGames,29.4K subscribers,25 videos
My Funny Games Builder,https://www.youtube.com/https://www.youtube.com/c/MyFunnyGamesBuilderVideos,538K subscribers,942 videos
Drift Games,https://www.youtube.com/https://www.youtube.com/c/DriftGames_Life,140K subscribers,398 videos
Rivet Games,https://www.youtube.com/https://www.youtube.com/c/RivetGames,4.2K subscribers,129 videos
Ten Square Games,https://www.youtube.com/https://www.youtube.com/c/TenSquareGamesofficial,40.8K subscribers,35 videos
WATCH GAMES. SEE MORE.,https://www.youtube.com/https://www.youtube.com/c/WATCHGAMESSEEMORE,995 subscribers,82 videos
Stonemaier Games,https://www.youtube.com/https://www.youtube.com/c/JameyStegmaier,40.4K subscribers,"1,333 videos"
Nolla Games,https://www.youtube.com/https://www.youtube.com/channel/UCOW-sQkfqvRU0Yn0aB9pS7g,11.1K subscribers,32 videos
Fandom Games,https://www.youtube.com/https://www.youtube.com/c/fandomgames,1.29M subscribers,"2,311 videos"
Kawaii Games,https://www.youtube.com/https://www.youtube.com/c/KawaiiGames,134K subscribers,"2,361 videos"
VTH Gaming,https://www.youtube.com/https://www.youtube.com/c/TheHistoryGuy,61.6K subscribers,"1,446 videos"
Phantom Games,https://www.youtube.com/https://www.youtube.com/channel/UCdYJQC1IgiqhW5m6weARU5A,281 subscribers,68 videos
Patriot Games,https://www.youtube.com/https://www.youtube.com/c/PatriotGames,202K subscribers,216 videos
Deckard Games,https://www.youtube.com/https://www.youtube.com/c/DeckardGames,3.6K subscribers,274 videos
Featherweight Games,https://www.youtube.com/https://www.youtube.com/user/featherweightgames,1.05K subscribers,10 videos
Keyla Games,https://www.youtube.com/https://www.youtube.com/c/KeylaGamesAC,1.55K subscribers,102 videos
Noxy Games - Lanota,https://www.youtube.com/https://www.youtube.com/channel/UC6G1tVxYnzdqQw5KiAlI4QQ,4.42K subscribers,123 videos
Girls Make Games,https://www.youtube.com/https://www.youtube.com/c/GirlsMakeGames,356 subscribers,24 videos
Kinda Funny Games,https://www.youtube.com/https://www.youtube.com/c/KindaFunnyGames,274K subscribers,"3,685 videos"
Paradoxum Games,https://www.youtube.com/https://www.youtube.com/c/ParadoxumGames,95.7K subscribers,18 videos
Three Minute Gaming,https://www.youtube.com/https://www.youtube.com/c/ThreeMinuteGaming,12.1K subscribers,232 videos
Writing on Games,https://www.youtube.com/https://www.youtube.com/c/WritingOnGames,191K subscribers,163 videos
Flash Games Show,https://www.youtube.com/https://www.youtube.com/c/FlashGamesShow,300K subscribers,"1,984 videos"
Resolution Games,https://www.youtube.com/https://www.youtube.com/c/ResolutionGamesOfficial,3.79K subscribers,78 videos
N3V Games,https://www.youtube.com/https://www.youtube.com/c/n3vgames,17.2K subscribers,152 videos
Jeshua Games,https://www.youtube.com/https://www.youtube.com/c/JeshuaGames,227K subscribers,"1,322 videos"
BluJay Games,https://www.youtube.com/https://www.youtube.com/c/BluJayGames,27.4K subscribers,338 videos
Gaming Historian,https://www.youtube.com/https://www.youtube.com/c/gaminghistorian,940K subscribers,138 videos
Games Bond,https://www.youtube.com/https://www.youtube.com/c/GamesBond,181K subscribers,367 videos
C4Car Games,https://www.youtube.com/https://www.youtube.com/c/C4CarGames,352K subscribers,903 videos
Polycarbon Games,https://www.youtube.com/https://www.youtube.com/c/PolycarbonGames,3K subscribers,156 videos
Jks Games,https://www.youtube.com/https://www.youtube.com/channel/UC55bAkQfnQfXxq7iccHZv5w,2K subscribers,"1,005 videos"
UNF Games,https://www.youtube.com/https://www.youtube.com/c/unfgames,32.4K subscribers,320 videos
Camodo Gaming,https://www.youtube.com/https://www.youtube.com/c/CamodoGaming,2.88M subscribers,"4,857 videos"
Quoundo Games,https://www.youtube.com/https://www.youtube.com/c/QuoundoGames,4.01K subscribers,"1,738 videos"
The Command Zone,https://www.youtube.com/https://www.youtube.com/c/TheCommandZonePodcast,559K subscribers,616 videos
3 Minute Board Games,https://www.youtube.com/https://www.youtube.com/c/3MinuteBoardGames,64.6K subscribers,365 videos
Ic0n Gaming,https://www.youtube.com/https://www.youtube.com/c/Ic0nGaming,15.4K subscribers,"2,654 videos"
Learn to Play Games,https://www.youtube.com/https://www.youtube.com/c/LearntoPlayGames,10.3K subscribers,629 videos
Blue Television Games,https://www.youtube.com/https://www.youtube.com/c/BlueTelevisionGames,488K subscribers,"2,027 videos"
ByteRockers' Games,https://www.youtube.com/https://www.youtube.com/c/ByteRockersGames,244 subscribers,28 videos
MessYourself Gaming,https://www.youtube.com/https://www.youtube.com/c/MessYourselfGaming,1.34M subscribers,447 videos
KidsEduc ‚Äì Kids Educational Games,https://www.youtube.com/https://www.youtube.com/c/KidsEduc,184K subscribers,101 videos
Bedtime Digital Games,https://www.youtube.com/https://www.youtube.com/c/BedtimeDG,1.55K subscribers,83 videos
Piyush Joshi Gaming,https://www.youtube.com/https://www.youtube.com/channel/UCKPDKDddJgtFoZz_XvqP1VQ,4.03M subscribers,100 videos
Bloop Games,https://www.youtube.com/https://www.youtube.com/channel/UC-DnBKmFpqi9vmDFqgfzx3g,2.63K subscribers,7 videos
Inside Games,https://www.youtube.com/https://www.youtube.com/c/insidegames,105K subscribers,155 videos
Adam Millard - The Architect of Games,https://www.youtube.com/https://www.youtube.com/c/Thefearalcarrot,383K subscribers,99 videos
Let's Game It Out,https://www.youtube.com/https://www.youtube.com/c/LetsGameItOut,4.6M subscribers,687 videos
Pretty Fly Games,https://www.youtube.com/https://www.youtube.com/c/PrettyFlyGames,1.38K subscribers,66 videos
Game Dev Unlocked,https://www.youtube.com/https://www.youtube.com/c/GameDevUnlocked,188K subscribers,37 videos
DERMOR Games,https://www.youtube.com/https://www.youtube.com/channel/UCRvw7i6T5z6KhIZTAK88Scw,615 subscribers,261 videos
Pocketwatch Games,https://www.youtube.com/https://www.youtube.com/c/pocketwatch,1.29K subscribers,52 videos
Tia Plays Games,https://www.youtube.com/https://www.youtube.com/c/TiaPlaysGames,14.4K subscribers,692 videos
Featherweight Games,https://www.youtube.com/https://www.youtube.com/user/featherweightgames,1.05K subscribers,10 videos
Level 99 Games,https://www.youtube.com/https://www.youtube.com/c/Lvl99games,3.24K subscribers,417 videos
Keyla Games,https://www.youtube.com/https://www.youtube.com/c/KeylaGamesAC,1.55K subscribers,102 videos
Archades Games,https://www.youtube.com/https://www.youtube.com/c/IceStrike256,33.3K subscribers,807 videos
Deviation Games,https://www.youtube.com/https://www.youtube.com/c/DeviationGames,13.4K subscribers,5 videos
My Life in Gaming,https://www.youtube.com/https://www.youtube.com/c/mylifeingaming,211K subscribers,203 videos
Killmonday Games,https://www.youtube.com/https://www.youtube.com/c/KillmondayGames,51.9K subscribers,173 videos
Czech Games Edition,https://www.youtube.com/https://www.youtube.com/c/CzechGamesEdition,2.93K subscribers,106 videos
Kasedo Games,https://www.youtube.com/https://www.youtube.com/c/KasedoGames,3.44K subscribers,92 videos
Play & Learn Kids Games,https://www.youtube.com/https://www.youtube.com/c/PlayLearnKidsGames,513K subscribers,75 videos
Disney Games,https://www.youtube.com/https://www.youtube.com/c/disneygames,164K subscribers,345 videos
What's Good Games,https://www.youtube.com/https://www.youtube.com/c/whatsgoodgames,36.5K subscribers,490 videos
PLAAY Games,https://www.youtube.com/https://www.youtube.com/c/PLAAYGamesYT,1.3K subscribers,229 videos
Mohawk Games,https://www.youtube.com/https://www.youtube.com/channel/UCasmHPTajRU9kXWHjJqJD_g,1.97K subscribers,176 videos
K-City Gaming,https://www.youtube.com/https://www.youtube.com/c/KidCityGaming,1.27M subscribers,419 videos
Funko Games,https://www.youtube.com/https://www.youtube.com/c/FunkoGamesOfficial,2.26K subscribers,62 videos
Ice Water Games,https://www.youtube.com/https://www.youtube.com/c/IceWaterGames,429 subscribers,24 videos
Toyful Games,https://www.youtube.com/https://www.youtube.com/c/ToyfulGames,1.12K subscribers,68 videos
Maxer Games,https://www.youtube.com/https://www.youtube.com/c/MaxerGames,6.18K subscribers,757 videos
HyperBeard Games,https://www.youtube.com/https://www.youtube.com/c/HyperbeardgamesPlus,57.5K subscribers,71 videos
Sony Pictures Television Networks - Games,https://www.youtube.com/https://www.youtube.com/user/sptgames,4.21K subscribers,22 videos
Mantic Games,https://www.youtube.com/https://www.youtube.com/user/manticgames,12K subscribers,607 videos
XREAL Games,https://www.youtube.com/https://www.youtube.com/channel/UCj9kaf9i-FT-RkUPPLTh-dg,877 subscribers,48 videos
Morley Games,https://www.youtube.com/https://www.youtube.com/c/MorleyGames1,5.84K subscribers,279 videos
Periscope Games,https://www.youtube.com/https://www.youtube.com/channel/UC4Xl-vuThkFEGHlJO3CuEsg,15.6K subscribers,60 videos
TeraBrite Games,https://www.youtube.com/https://www.youtube.com/c/TeraBriteGames,1.7M subscribers,"1,253 videos"
Complete Games,https://www.youtube.com/https://www.youtube.com/c/CompleteGamesWithJames,35.4K subscribers,347 videos
Hudson's Playground Gaming,https://www.youtube.com/https://www.youtube.com/c/HudsonsPlaygroundGaming,577K subscribers,306 videos
Gaming Rules!,https://www.youtube.com/https://www.youtube.com/c/GamingRulesVideos,39.6K subscribers,"1,244 videos"
Square One Games,https://www.youtube.com/https://www.youtube.com/c/SquareOneGames1,5.2K subscribers,560 videos
ROCKFISH Games,https://www.youtube.com/https://www.youtube.com/c/ROCKFISHGames,8.52K subscribers,219 videos
Mixtvision Games,https://www.youtube.com/https://www.youtube.com/c/MixtvisionGames,976 subscribers,57 videos
Humble Games,https://www.youtube.com/https://www.youtube.com/c/HumbleGames,5.91K subscribers,163 videos
Polycarbon Games,https://www.youtube.com/https://www.youtube.com/c/PolycarbonGames,3K subscribers,156 videos
F1 Games Playstation,https://www.youtube.com/https://www.youtube.com/c/F1GamesPlaystation1996ToPresent,1.63K subscribers,"1,790 videos"
Wholesome Games,https://www.youtube.com/https://www.youtube.com/c/WholesomeGames,21.4K subscribers,579 videos
Avery Makes Games,https://www.youtube.com/https://www.youtube.com/user/someguy683,3.64K subscribers,181 videos
Qorygore Games,https://www.youtube.com/https://www.youtube.com/c/QorygoreGames,202K subscribers,161 videos
Papa Jake Games,https://www.youtube.com/https://www.youtube.com/c/PapaJakeGames,503K subscribers,224 videos
Wishforge Games,https://www.youtube.com/https://www.youtube.com/c/WishforgeGames,6.81K subscribers,57 videos
Titi Games,https://www.youtube.com/https://www.youtube.com/channel/UCPG7VLW5ERyzfvcxglNKLEQ,1.06M subscribers,307 videos
Anime Games Online,https://www.youtube.com/https://www.youtube.com/c/animegamesonline,330K subscribers,"1,553 videos"
Games-BnB,https://www.youtube.com/https://www.youtube.com/channel/UCZQ84csaMpIjQUXK7e2MEmA,413K subscribers,983 videos
Etra Games,https://www.youtube.com/https://www.youtube.com/c/EtraGames,82K subscribers,17 videos
KittyBit Games!,https://www.youtube.com/https://www.youtube.com/c/KittyBitGames,6.46K subscribers,794 videos
False Swipe Gaming,https://www.youtube.com/https://www.youtube.com/c/FalseSwipeGaming,401K subscribers,315 videos
English Teaching Games,https://www.youtube.com/https://www.youtube.com/c/EnglishTeachingGamesByMuxi,79.8K subscribers,419 videos
Ned Makes Games,https://www.youtube.com/https://www.youtube.com/c/NedMakesGames,10K subscribers,370 videos
Flashbulb Games,https://www.youtube.com/https://www.youtube.com/c/FlashbulbGames,5.86K subscribers,235 videos
Games for Change,https://www.youtube.com/https://www.youtube.com/user/GamesForChange,5.92K subscribers,850 videos
Snoman Gaming,https://www.youtube.com/https://www.youtube.com/user/snomangaming,242K subscribers,240 videos
Tribute Games,https://www.youtube.com/https://www.youtube.com/user/TributeGames,4.58K subscribers,183 videos
TutoTOONS Games,https://www.youtube.com/https://www.youtube.com/c/TutoTOONSOfficial,104K subscribers,614 videos
Blu Games,https://www.youtube.com/https://www.youtube.com/c/BluGames,32.6K subscribers,913 videos
Games Nemsis,https://www.youtube.com/https://www.youtube.com/c/GamesNemsisChannel,108K subscribers,815 videos
Mythic Games,https://www.youtube.com/https://www.youtube.com/c/MythicGames,11.4K subscribers,556 videos
Open Source Games,https://www.youtube.com/https://www.youtube.com/c/OpenSourceGames,6.08K subscribers,729 videos
Biffa Plays Indie Games,https://www.youtube.com/https://www.youtube.com/c/BiffaPlaysIndie,621K subscribers,"2,252 videos"
Microsoft Game Dev,https://www.youtube.com/https://www.youtube.com/c/MSFTGameDev,10.3K subscribers,202 videos
Ketra Games,https://www.youtube.com/https://www.youtube.com/c/KetraGames,9.22K subscribers,69 videos
Gorka Games,https://www.youtube.com/https://www.youtube.com/channel/UCv_n9oioNF6OpzR2dt6E4xg,1.26K subscribers,156 videos
The Guvs Gaming,https://www.youtube.com/https://www.youtube.com/c/TheGuvsGaming,682 subscribers,221 videos
Killer Arcade Games,https://www.youtube.com/https://www.youtube.com/c/KillerArcadeGames,13.5K subscribers,240 videos
Ashkan Games,https://www.youtube.com/https://www.youtube.com/c/AshkanGamess,329K subscribers,548 videos
VRKiwi Games üïπÔ∏è,https://www.youtube.com/https://www.youtube.com/c/VRKiwi,250 subscribers,91 videos
Sampstra Games,https://www.youtube.com/https://www.youtube.com/c/SampstraGames,4.8K subscribers,"1,312 videos"
Just For Games,https://www.youtube.com/https://www.youtube.com/c/JustForGamesFR,566 subscribers,336 videos
Goliath Games,https://www.youtube.com/https://www.youtube.com/channel/UCxxAog5ybryRYmEb_fRTh2Q,16.6K subscribers,"1,416 videos"
Liege of Games,https://www.youtube.com/https://www.youtube.com/c/Li%C3%A8geofGames,6.11K subscribers,556 videos
Para Bellum Games,https://www.youtube.com/https://www.youtube.com/c/ParaBellumWargames,2.49K subscribers,49 videos
Home Net Games,https://www.youtube.com/https://www.youtube.com/channel/UCnEfsmyWVLy_gzcWbgfJIfw,6.66K subscribers,15 videos
Charger Games,https://www.youtube.com/https://www.youtube.com/c/ChargerGames,67.1K subscribers,190 videos
Productivity Game,https://www.youtube.com/https://www.youtube.com/c/ProductivityGame,519K subscribers,184 videos
Aksys Games Official,https://www.youtube.com/https://www.youtube.com/c/AksysGamesOfficial,15.9K subscribers,399 videos
Revolutionary Games,https://www.youtube.com/https://www.youtube.com/c/RevolutionaryGames,7.34K subscribers,53 videos
ToonToon Games,https://www.youtube.com/https://www.youtube.com/c/ToonToonGames,970K subscribers,483 videos
Tim Ruswick | Game Dev Underground,https://www.youtube.com/https://www.youtube.com/channel/UC_hwKJdF3KRAy4QIaiCSMgQ,66K subscribers,763 videos
Guava Juice Games,https://www.youtube.com/https://www.youtube.com/c/GuavaJuiceGames,854K subscribers,122 videos
Games Operators,https://www.youtube.com/https://www.youtube.com/channel/UCKXNyJCizGWEXLbfDmHZAQw,1.34K subscribers,102 videos
Black Forest Games Official,https://www.youtube.com/https://www.youtube.com/c/blackforestgamesteam,2.68K subscribers,146 videos
Sbug Games,https://www.youtube.com/https://www.youtube.com/c/SbugGames,2.68K subscribers,9 videos
Modus Games,https://www.youtube.com/https://www.youtube.com/c/ModusGames,6.76K subscribers,168 videos
Game Maker's Toolkit,https://www.youtube.com/https://www.youtube.com/c/MarkBrownGMT,1.29M subscribers,175 videos
Riot Games Music,https://www.youtube.com/https://www.youtube.com/c/riotgamesmusic,337K subscribers,41 videos
Samara Games,https://www.youtube.com/https://www.youtube.com/c/SamaraGames,1.64M subscribers,"1,322 videos"
IV Games,https://www.youtube.com/https://www.youtube.com/c/IVGamesStudio,4.04K subscribers,137 videos
Big Potato Games,https://www.youtube.com/https://www.youtube.com/c/BigPotato,8.84K subscribers,138 videos
Yippi Gaming,https://www.youtube.com/https://www.youtube.com/c/YippiGaming,3.4M subscribers,517 videos
AEW Games,https://www.youtube.com/https://www.youtube.com/c/AEWGames,111K subscribers,92 videos
Sam Tabor Gaming,https://www.youtube.com/https://www.youtube.com/c/SamTaborGaming,955K subscribers,827 videos
MG-Scoreboard - Mounted Games Livestreams,https://www.youtube.com/https://www.youtube.com/channel/UC2FV3CK-TvvoU5H9uia0aAw,1K subscribers,96 videos
JIM BOB Plays Games [JBPG],https://www.youtube.com/https://www.youtube.com/c/JBPG-YT,15.8K subscribers,"1,170 videos"
Klonk Games,https://www.youtube.com/https://www.youtube.com/c/klonkgames,244 subscribers,109 videos
Luluca Games,https://www.youtube.com/https://www.youtube.com/c/LulucaGames,4.81M subscribers,897 videos
Firestorm Games,https://www.youtube.com/https://www.youtube.com/c/FirestormGamesTV,9.82K subscribers,304 videos
OnceLost Games,https://www.youtube.com/https://www.youtube.com/c/OnceLostGames,11.6K subscribers,9 videos
Keymaster Games,https://www.youtube.com/https://www.youtube.com/channel/UCFj5AslXYM_sRMtXZaU84Iw,1.29K subscribers,46 videos
ON TABLE Board Games,https://www.youtube.com/https://www.youtube.com/channel/UCoVwwwGhqk_waiL8xGHqaTQ,7.73K subscribers,67 videos
"So Many Games, So Little Time SMGSLT",https://www.youtube.com/https://www.youtube.com/channel/UCe1DeMivezXc6WGU8U0Qpfw,752 subscribers,299 videos
Games Made Easy,https://www.youtube.com/https://www.youtube.com/c/GamesMadeEasy,7.7K subscribers,108 videos
RACING GAMES,https://www.youtube.com/https://www.youtube.com/c/RACINGGAMESVIDEOS,83.5K subscribers,302 videos
Abbey Games,https://www.youtube.com/https://www.youtube.com/user/AbbeyGames,1.4K subscribers,42 videos
Supergiant Games,https://www.youtube.com/https://www.youtube.com/user/supergiantgames,143K subscribers,251 videos
RTS GAMES,https://www.youtube.com/https://www.youtube.com/c/Generalszerohour,56.8K subscribers,"1,636 videos"
Zip Game,https://www.youtube.com/https://www.youtube.com/channel/UCsFAmvXnPQ0Q53_G7hTb2ew,28.2K subscribers,"4,431 videos"
Stardock Games,https://www.youtube.com/https://www.youtube.com/user/stardockgames,7.99K subscribers,363 videos
Board Games in a Minute,https://www.youtube.com/https://www.youtube.com/c/BoardGamesinaMinute,5.12K subscribers,271 videos
BzyQ Games,https://www.youtube.com/https://www.youtube.com/channel/UCiqs_myNbkptXA_uiaGI3eg,79.3K subscribers,177 videos
Psychoghost Gaming,https://www.youtube.com/https://www.youtube.com/c/PsychoghostGaming,102K subscribers,724 videos
Kitfox Games,https://www.youtube.com/https://www.youtube.com/c/KitfoxGames,15.6K subscribers,148 videos
Outright Games,https://www.youtube.com/https://www.youtube.com/c/OutrightGames,9.66K subscribers,105 videos
Flamebait Games,https://www.youtube.com/https://www.youtube.com/channel/UCquCHIIf10VsVbbFre-DZDw,1.63K subscribers,40 videos
ALL iN! GAMES,https://www.youtube.com/https://www.youtube.com/c/AllinGamesPub,4.05K subscribers,155 videos
Zatu Games,https://www.youtube.com/https://www.youtube.com/c/ZatuGamesUK,4.27K subscribers,514 videos
X Games,https://www.youtube.com/https://www.youtube.com/c/XGames,1.5M subscribers,"4,078 videos"
Foxy Games UK,https://www.youtube.com/https://www.youtube.com/channel/UCZZvt_9EIoX4oyAk595DVOA,36.9K subscribers,915 videos
Academy Games,https://www.youtube.com/https://www.youtube.com/c/AcademyGames,2.24K subscribers,60 videos
F1¬Æ Games From Codemasters,https://www.youtube.com/https://www.youtube.com/c/formula1game,200K subscribers,292 videos
Gate to the Games,https://www.youtube.com/https://www.youtube.com/c/Gate-to-the-gamesDe,37.6K subscribers,739 videos
Big Fish Games,https://www.youtube.com/https://www.youtube.com/c/bigfishgames,66.8K subscribers,"5,656 videos"
Ellen's Game of Games,https://www.youtube.com/https://www.youtube.com/c/NBCGameofGames,195K subscribers,209 videos
Ghost Ship Games,https://www.youtube.com/https://www.youtube.com/c/GhostShipGames,48.8K subscribers,118 videos
Our Family Plays Games,https://www.youtube.com/https://www.youtube.com/c/OurFamilyPlaysGames,19.7K subscribers,229 videos
Total Gaming,https://www.youtube.com/https://www.youtube.com/c/TotalGaming093,33.4M subscribers,"1,903 videos"
Clashing N Games,https://www.youtube.com/https://www.youtube.com/c/ClashingNGames,120K subscribers,"2,341 videos"
Conradical Games,https://www.youtube.com/https://www.youtube.com/c/ConradicalGames,2.62K subscribers,68 videos
ustwo games,https://www.youtube.com/https://www.youtube.com/c/ustwogames,4.99K subscribers,33 videos
Yacht Club Games,https://www.youtube.com/https://www.youtube.com/c/yachtclubgames,49.2K subscribers,176 videos
The Board Game Nexus,https://www.youtube.com/https://www.youtube.com/c/TheBoardGameNexus,24.4K subscribers,395 videos
MS Games,https://www.youtube.com/https://www.youtube.com/c/MSGamesPoland,3.16K subscribers,29 videos
R. Talsorian Games,https://www.youtube.com/https://www.youtube.com/channel/UCkI3EFuO8w_bn4oDiQ_lM8A,9.88K subscribers,44 videos
Half Human Games,https://www.youtube.com/https://www.youtube.com/c/HalfHumanGames,605 subscribers,11 videos
Polyarc Games,https://www.youtube.com/https://www.youtube.com/c/PolyarcGames,859 subscribers,17 videos
Lilith Games,https://www.youtube.com/https://www.youtube.com/channel/UCzkA-br3p_FgleCTXmgyv6A,518 subscribers,42 videos
Tamara Makes Games,https://www.youtube.com/https://www.youtube.com/c/TamaraMakesGames,8.05K subscribers,58 videos
Schell Games,https://www.youtube.com/https://www.youtube.com/c/SchellGames,10.9K subscribers,225 videos
The Howie Games,https://www.youtube.com/https://www.youtube.com/c/TheHowieGames,1.52K subscribers,70 videos
Telltale Games,https://www.youtube.com/https://www.youtube.com/user/TelltaleGames,335K subscribers,349 videos
Kefe Games,https://www.youtube.com/https://www.youtube.com/c/KefeAnimationsOfficial,1.19M subscribers,171 videos
Thunder Lotus Games,https://www.youtube.com/https://www.youtube.com/c/ThunderLotusGames,7.96K subscribers,54 videos
Dr Ghost Games,https://www.youtube.com/https://www.youtube.com/channel/UCI2i3I6U4ZADMcRMWoxB2lA,1.03K subscribers,316 videos
War Games News Radio,https://www.youtube.com/https://www.youtube.com/c/WarGamesNewsRadio,2.14K subscribers,109 videos
Tabletop Skirmish Games,https://www.youtube.com/https://www.youtube.com/c/LeeFoxSmith,18.3K subscribers,993 videos
Sbug Games,https://www.youtube.com/https://www.youtube.com/c/SbugGames,2.68K subscribers,9 videos
Brimley Games,https://www.youtube.com/https://www.youtube.com/c/BrimleyGames,1.27K subscribers,166 videos
Good Vibes Gaming,https://www.youtube.com/https://www.youtube.com/c/GVGOfficial,102K subscribers,604 videos
Motorsport Games,https://www.youtube.com/https://www.youtube.com/c/MotorsportGames,6.2K subscribers,54 videos
Spin Master Games,https://www.youtube.com/https://www.youtube.com/c/SpinMasterGames,72.5K subscribers,252 videos
CCP Games,https://www.youtube.com/https://www.youtube.com/c/ccpgames,97.4K subscribers,"1,009 videos"
7th Beat Games,https://www.youtube.com/https://www.youtube.com/c/7thBeatGames,16.2K subscribers,34 videos
Project Cloud Games,https://www.youtube.com/https://www.youtube.com/channel/UCp7ZKT7rJ1R7MpLDkIUobXg,438 subscribers,3 videos
Squanch Games,https://www.youtube.com/https://www.youtube.com/c/SquanchGames,13.7K subscribers,48 videos
NHL Playoffs Archived Games,https://www.youtube.com/https://www.youtube.com/c/NHLPlayoffsArchivedGames-,9.86K subscribers,405 videos
Be Bold Games,https://www.youtube.com/https://www.youtube.com/c/BeBoldGames,3.96K subscribers,108 videos
SteamWorld Games,https://www.youtube.com/https://www.youtube.com/c/ImageForm,7.24K subscribers,98 videos
RED ART GAMES,https://www.youtube.com/https://www.youtube.com/c/REDARTGAMES,1.22K subscribers,95 videos
Titan Games,https://www.youtube.com/https://www.youtube.com/c/NBCTitanGames,114K subscribers,204 videos
Jackbox Games,https://www.youtube.com/https://www.youtube.com/c/Jackboxgames,35.5K subscribers,899 videos
Skybound Games,https://www.youtube.com/https://www.youtube.com/c/SkyboundGames,20.7K subscribers,182 videos
Gram Games,https://www.youtube.com/https://www.youtube.com/c/GramGs,19.5K subscribers,159 videos
Pretty Good Gaming,https://www.youtube.com/https://www.youtube.com/c/PrettyGoodGaming,267K subscribers,"1,481 videos"
Whitethorn Games,https://www.youtube.com/https://www.youtube.com/c/WhitethornGames,944 subscribers,76 videos
Riot Games,https://www.youtube.com/https://www.youtube.com/c/riotgames,450K subscribers,107 videos
Youth Ministry Great Games,https://www.youtube.com/https://www.youtube.com/c/YouthMinistryGreatGames,71.2K subscribers,49 videos
BB GAMING,https://www.youtube.com/https://www.youtube.com/c/BBGAMINGPRO,718K subscribers,620 videos
Devir Games,https://www.youtube.com/https://www.youtube.com/channel/UCyzmocvuDhoJ3OUMr2jsDeA,321 subscribers,43 videos
CouchFerret makes Games,https://www.youtube.com/https://www.youtube.com/c/CouchFerretmakesGames,28K subscribers,26 videos
RadioJH Games,https://www.youtube.com/https://www.youtube.com/c/RadioJHGames,1.13M subscribers,"2,411 videos"
Drive Thru Games,https://www.youtube.com/https://www.youtube.com/c/Drivethruvideos,33.8K subscribers,"1,353 videos"
Kakao Games,https://www.youtube.com/https://www.youtube.com/c/KakaoGames,43.9K subscribers,31 videos
Axis Games,https://www.youtube.com/https://www.youtube.com/c/AxisgamesonlineDev,2.2K subscribers,111 videos
Agile Games With James,https://www.youtube.com/https://www.youtube.com/c/AgileGamesWithJames,5.87K subscribers,89 videos
Retro Game Corps,https://www.youtube.com/https://www.youtube.com/c/RetroGameCorps,178K subscribers,349 videos
Kubiya Games,https://www.youtube.com/https://www.youtube.com/c/KubiyaGames,506 subscribers,63 videos
Royalty Gaming,https://www.youtube.com/https://www.youtube.com/c/RoyaltyGaming1,3.96M subscribers,123 videos
GameofThrones,https://www.youtube.com/https://www.youtube.com/user/GameofThrones,4.63M subscribers,877 videos
NetEase Games,https://www.youtube.com/https://www.youtube.com/channel/UC7fPAi77lcCWFUc94UHyfGg,23.6K subscribers,152 videos
Outright Games,https://www.youtube.com/https://www.youtube.com/c/OutrightGames,9.66K subscribers,105 videos
Volkin Games,https://www.youtube.com/https://www.youtube.com/c/VolkinGames,134K subscribers,"1,948 videos"
Official Bandai Card Games Channel,https://www.youtube.com/https://www.youtube.com/c/BANDAICARDGAMES,18K subscribers,93 videos
Game Wisdom,https://www.youtube.com/https://www.youtube.com/c/Game-wisdom,9.1K subscribers,"4,850 videos"
The Game Theorists,https://www.youtube.com/https://www.youtube.com/c/GameTheorists,16.1M subscribers,662 videos
Paladins by Evil Mojo Games,https://www.youtube.com/https://www.youtube.com/c/paladinsgame,1.5M subscribers,909 videos
MADFINGER Games,https://www.youtube.com/https://www.youtube.com/c/madfingergames,1.63M subscribers,358 videos
Foxy Games UK,https://www.youtube.com/https://www.youtube.com/channel/UCZZvt_9EIoX4oyAk595DVOA,36.9K subscribers,915 videos
The RawKnee Games,https://www.youtube.com/https://www.youtube.com/c/TheRawKneeGames,3.7M subscribers,"1,514 videos"
Chainsawesome Games,https://www.youtube.com/https://www.youtube.com/user/ChainsawesomeGames,508 subscribers,51 videos
Gamera Games,https://www.youtube.com/https://www.youtube.com/c/GameraGamesInc,1.63K subscribers,80 videos
Atomic Mass Games,https://www.youtube.com/https://www.youtube.com/c/AtomicMassGames,9.37K subscribers,371 videos
BzyQ Games,https://www.youtube.com/https://www.youtube.com/channel/UCiqs_myNbkptXA_uiaGI3eg,79.3K subscribers,177 videos
"Dolls, Toys, and Games Gal",https://www.youtube.com/https://www.youtube.com/c/DollsToysandGamesGal,27.2K subscribers,369 videos
Video Games Evolution,https://www.youtube.com/https://www.youtube.com/c/VGEvolution,234K subscribers,307 videos
SKILLER Games,https://www.youtube.com/https://www.youtube.com/channel/UCFWNIFDVDKiEbA2H255mVdA,72.1K subscribers,115 videos
AntiMatter Games,https://www.youtube.com/https://www.youtube.com/c/AntiMatterGamesUK,15.1K subscribers,33 videos
Merlino Games,https://www.youtube.com/https://www.youtube.com/c/MerlinoGames_YT,363 subscribers,15 videos
Glass Bottom Games,https://www.youtube.com/https://www.youtube.com/c/GlassBottomGames,813 subscribers,50 videos
The Girl Who Games,https://www.youtube.com/https://www.youtube.com/c/TheGirlWhoGames,22.1K subscribers,637 videos
Pyre realm gaming,https://www.youtube.com/https://www.youtube.com/c/Pyrerealmgaming,686K subscribers,939 videos
WHAT THE GAMES?,https://www.youtube.com/https://www.youtube.com/c/Triband,4.84K subscribers,53 videos
Polyarc Games,https://www.youtube.com/https://www.youtube.com/c/PolyarcGames,859 subscribers,17 videos
AppleBomb Games,https://www.youtube.com/https://www.youtube.com/c/AppleBombGames,398 subscribers,24 videos
Gal√°xia Games | GAL√ÅXIA,https://www.youtube.com/https://www.youtube.com/c/GatoGalacticoGames,820K subscribers,455 videos
BUas Games,https://www.youtube.com/https://www.youtube.com/c/BUasGames,1.74K subscribers,220 videos
505 Games,https://www.youtube.com/https://www.youtube.com/c/505games,49.3K subscribers,731 videos
Aesc Games,https://www.youtube.com/https://www.youtube.com/channel/UCpWsWUH3Ohn1fMv_xsw-WPw,157 subscribers,21 videos
Breakout Games,https://www.youtube.com/https://www.youtube.com/c/BreakoutGames,2.43K subscribers,194 videos
Red Meat Games,https://www.youtube.com/https://www.youtube.com/c/RedmeatgamesCa,332 subscribers,80 videos
Iguana Gaming,https://www.youtube.com/https://www.youtube.com/c/IguanaGaming,84.6K subscribers,908 videos
Ana Toys games,https://www.youtube.com/https://www.youtube.com/c/AnalauraToysgames,12.5K subscribers,307 videos
Joe's Classic Video Games,https://www.youtube.com/https://www.youtube.com/user/LyonsArcade,50.2K subscribers,997 videos
Choice of Games,https://www.youtube.com/https://www.youtube.com/c/ChoiceOfGames,2.94K subscribers,111 videos
XR Games,https://www.youtube.com/https://www.youtube.com/channel/UCDPhkuJHd4VoQq9VF69V_2Q,193 subscribers,12 videos
Nintendo Games,https://www.youtube.com/https://www.youtube.com/c/NintendoSwitch01,85.1K subscribers,244 videos
Vasco Games,https://www.youtube.com/https://www.youtube.com/user/Gotyaskillgames,37.6K subscribers,274 videos
Bokeh Game Studio,https://www.youtube.com/https://www.youtube.com/c/BokehGameStudio,11.3K subscribers,11 videos
mcflame games,https://www.youtube.com/https://www.youtube.com/c/mcflame,969 subscribers,884 videos
Facade Games,https://www.youtube.com/https://www.youtube.com/c/Facadegamespublishers,893 subscribers,25 videos
Make Games With Katie,https://www.youtube.com/https://www.youtube.com/c/MakeGamesWithKatie,47.2K subscribers,8 videos
Bitwave Games,https://www.youtube.com/https://www.youtube.com/c/BitwaveGames,323 subscribers,22 videos
Get Indie Gaming,https://www.youtube.com/https://www.youtube.com/c/GetIndieGaming,122K subscribers,361 videos
MetalStorm Games,https://www.youtube.com/https://www.youtube.com/c/MetalStormGames,1.64K subscribers,122 videos
Pro-Play Games,https://www.youtube.com/https://www.youtube.com/c/Pro-playgames,42.9K subscribers,"2,235 videos"
Ultimate Games S.A.,https://www.youtube.com/https://www.youtube.com/c/UltimateGamesSA,3.68K subscribers,168 videos
Aline Games,https://www.youtube.com/https://www.youtube.com/c/AlineGames,498K subscribers,134 videos
Retro Game Mechanics Explained,https://www.youtube.com/https://www.youtube.com/c/RetroGameMechanicsExplained,173K subscribers,51 videos
TT Games,https://www.youtube.com/https://www.youtube.com/channel/UCFRMeBfQwbvyrh4whThbMVw,4.31K subscribers,8 videos
Hyper Games Conference,https://www.youtube.com/https://www.youtube.com/c/HyperGamesConference,2.32K subscribers,219 videos
LEGO Gaming,https://www.youtube.com/https://www.youtube.com/c/legogaming,91.5K subscribers,310 videos
Masterful Games,https://www.youtube.com/https://www.youtube.com/c/Gamesforchildrens,9.25K subscribers,541 videos
No Gravity Games,https://www.youtube.com/https://www.youtube.com/c/NoGravityGames,1.11K subscribers,139 videos
Warner Bros. Games,https://www.youtube.com/https://www.youtube.com/c/WBGAMES,180K subscribers,289 videos
Capstone Games,https://www.youtube.com/https://www.youtube.com/channel/UCf_CPFwKkjtK8yhrp_GOKPw,475 subscribers,54 videos
Gather Together Games,https://www.youtube.com/https://www.youtube.com/c/GatherTogetherGames,103K subscribers,270 videos
MTL GAMES,https://www.youtube.com/https://www.youtube.com/channel/UC2CqvVzqG73wMu0lAG9fqWw,13K subscribers,879 videos
Games We Play,https://www.youtube.com/https://www.youtube.com/channel/UCYujTt2QZUzKT7tXTn7wahw,14.4K subscribers,5 videos
Woodward Games,https://www.youtube.com/https://www.youtube.com/c/WoodwardGames,1.53K subscribers,99 videos
Runic Games,https://www.youtube.com/https://www.youtube.com/c/runicgames,5.33K subscribers,52 videos
The Sheep Game,https://www.youtube.com/https://www.youtube.com/c/TheSheepGame,99.3K subscribers,246 videos
Armor Games Studios,https://www.youtube.com/https://www.youtube.com/user/armorgames,7.98K subscribers,233 videos
Pomelo Games,https://www.youtube.com/https://www.youtube.com/c/PomeloGames,1.56K subscribers,22 videos
Vice Versa Games,https://www.youtube.com/https://www.youtube.com/c/ViceRust,55.5K subscribers,18 videos
Misc Games,https://www.youtube.com/https://www.youtube.com/c/MiscgamesNo,854 subscribers,19 videos
Beamng RST Games,https://www.youtube.com/https://www.youtube.com/c/BeamngRSTGames,71.5K subscribers,172 videos
Kyle's Toys & Games,https://www.youtube.com/https://www.youtube.com/c/MySuperHeroVideo,2.19M subscribers,222 videos
BUas Games,https://www.youtube.com/https://www.youtube.com/c/BUasGames,1.74K subscribers,220 videos
Game Informer,https://www.youtube.com/https://www.youtube.com/c/gameinformer,716K subscribers,"8,919 videos"
SMITE by Titan Forge Games,https://www.youtube.com/https://www.youtube.com/user/smitegame,1.07M subscribers,"2,401 videos"
Fatbot Games,https://www.youtube.com/https://www.youtube.com/channel/UC61dziScxD93x_kacdgZS4A,269 subscribers,26 videos
Canada Games,https://www.youtube.com/https://www.youtube.com/c/CanadaGames,2.46K subscribers,"1,721 videos"
Activate Games,https://www.youtube.com/https://www.youtube.com/c/ActivateGames1,803 subscribers,61 videos
ABCya Games,https://www.youtube.com/https://www.youtube.com/c/ABCyaGamesforKids,19.5K subscribers,25 videos
Kaztro GAMING,https://www.youtube.com/https://www.youtube.com/c/KaztroGAMINGYT,1.33M subscribers,"1,208 videos"
Animators VS Games,https://www.youtube.com/https://www.youtube.com/c/AnimatorsVSGames,567K subscribers,374 videos
Numskull Games,https://www.youtube.com/https://www.youtube.com/c/NumskullGames,1.76K subscribers,67 videos
Bokeh Game Studio,https://www.youtube.com/https://www.youtube.com/c/BokehGameStudio,11.3K subscribers,11 videos
Rumble Games,https://www.youtube.com/https://www.youtube.com/c/RumbleGames,3.58K subscribers,10 videos
Flat Earth Games,https://www.youtube.com/https://www.youtube.com/user/FlatEarthGames,817 subscribers,28 videos
London Games Festival,https://www.youtube.com/https://www.youtube.com/c/LondonGamesFestival,354 subscribers,135 videos
United Label Games,https://www.youtube.com/https://www.youtube.com/c/UnitedLabelGames,848 subscribers,34 videos
Neebs Gaming,https://www.youtube.com/https://www.youtube.com/user/NeebsGaming,2.3M subscribers,"2,267 videos"
Mafia Game,https://www.youtube.com/https://www.youtube.com/c/mafiagame,111K subscribers,87 videos
JMNC Games,https://www.youtube.com/https://www.youtube.com/c/JMNCGames,1.75K subscribers,144 videos
Platonic Games,https://www.youtube.com/https://www.youtube.com/c/PlatonicGames,153K subscribers,9 videos
X PLUS Games,https://www.youtube.com/https://www.youtube.com/channel/UCa6l1Tac9KkvrmVzePeKk7Q,179 subscribers,27 videos
YCJY games,https://www.youtube.com/https://www.youtube.com/c/YCJYgames,1.04K subscribers,22 videos
HCI Games,https://www.youtube.com/https://www.youtube.com/c/hcigames,321 subscribers,31 videos
Orange Juice Gaming,https://www.youtube.com/https://www.youtube.com/c/OrangeJuiceGaming,2.82M subscribers,"1,752 videos"
Icarus Games,https://www.youtube.com/https://www.youtube.com/c/IcarusGames,21.8K subscribers,178 videos
Broken Knights Games,https://www.youtube.com/https://www.youtube.com/channel/UCdCwTHCqJqRuHMwMgsT5jdA,1.78K subscribers,14 videos
AWS for Games,https://www.youtube.com/https://www.youtube.com/c/AWSGameTech,9.42K subscribers,327 videos
Red Candle Games,https://www.youtube.com/https://www.youtube.com/c/RedCandleGames,26.5K subscribers,14 videos
Genius Games,https://www.youtube.com/https://www.youtube.com/channel/UCfQ59CvQ6aPevIDOP9XtzTQ,859 subscribers,22 videos
Asher Games,https://www.youtube.com/https://www.youtube.com/c/AsherGames,8.32K subscribers,"2,273 videos"
Linemen Win Games,https://www.youtube.com/https://www.youtube.com/c/LinemenWinGames,1.22K subscribers,31 videos
Riot Games Support,https://www.youtube.com/https://www.youtube.com/c/RiotGamesSupport,77.1K subscribers,33 videos
DILSHODBEK GAMES,https://www.youtube.com/https://www.youtube.com/channel/UCtEckiqCRrwZVTXg9uoEeDw,34 subscribers,35 videos
Refinery Games,https://www.youtube.com/https://www.youtube.com/c/RefineryGames,203 subscribers,28 videos
Nakana Games,https://www.youtube.com/https://www.youtube.com/channel/UC4xp7AMSkgDUHEmDdMqa3HQ,464 subscribers,13 videos
Gaming-Grizzly,https://www.youtube.com/https://www.youtube.com/c/GamingGrizzly,145K subscribers,"1,652 videos"
Dare To Game,https://www.youtube.com/https://www.youtube.com/c/Determine8RGaming,55.7K subscribers,"1,065 videos"
CodeMonkey - Coding Games for Kids,https://www.youtube.com/https://www.youtube.com/c/CodeMonkeyStudios,3.31K subscribers,99 videos
TBAG [Epic Gaming],https://www.youtube.com/https://www.youtube.com/c/TBagGaming,550K subscribers,513 videos
The Hunger Games,https://www.youtube.com/https://www.youtube.com/c/TheHungerGamesMovies,547K subscribers,151 videos
U Can Beat Video Games,https://www.youtube.com/https://www.youtube.com/c/UCanBeatVideoGames,92.9K subscribers,92 videos
Jacob Gaming,https://www.youtube.com/https://www.youtube.com/c/JacobGaming1337,456K subscribers,748 videos
Dieku Games,https://www.youtube.com/https://www.youtube.com/c/DiekuGames,828 subscribers,70 videos
Tribe Gaming,https://www.youtube.com/https://www.youtube.com/c/TribeGaming,468K subscribers,383 videos
TOP GAMES,https://www.youtube.com/https://www.youtube.com/channel/UCxzJpeS8SHjD8OJWWSDRyhg,54.8K subscribers,"2,017 videos"
RISHI GAMING,https://www.youtube.com/https://www.youtube.com/c/RISHIGAMING62,4.02M subscribers,486 videos
Fantasy Flight Games,https://www.youtube.com/https://www.youtube.com/c/FantasyFlightGames1,75.4K subscribers,447 videos
Borneo Games,https://www.youtube.com/https://www.youtube.com/channel/UCXtLwvtgsKKb0FnSUjJQbtw,522 subscribers,9 videos
Wadjet Eye Games,https://www.youtube.com/https://www.youtube.com/user/davelgil,3.2K subscribers,127 videos
PVS GAMING,https://www.youtube.com/https://www.youtube.com/c/PVSGAMING,2.37M subscribers,"1,190 videos"
Vress Games,https://www.youtube.com/https://www.youtube.com/c/VressGames,23.4K subscribers,121 videos
Infinity PBR ‚Ä¢ Magic Pig Games,https://www.youtube.com/https://www.youtube.com/c/MagicPigGames,2.36K subscribers,489 videos
ADH Gaming,https://www.youtube.com/https://www.youtube.com/c/ADHGaming,7.18K subscribers,"1,052 videos"
Game To Love - Tennis Podcast,https://www.youtube.com/https://www.youtube.com/c/GameToLoveTennisPodcast,43K subscribers,"1,121 videos"
Jazzy's Games,https://www.youtube.com/https://www.youtube.com/c/JazzysGames,27.1K subscribers,565 videos
Mysidia Gaming,https://www.youtube.com/https://www.youtube.com/channel/UCfLNMLYxGeafMb_KswHTR4g,5.96K subscribers,481 videos
zWORMz Gaming,https://www.youtube.com/https://www.youtube.com/c/zWORMzGaming,346K subscribers,"2,624 videos"
Birmingham 2022 Commonwealth Games,https://www.youtube.com/https://www.youtube.com/c/Birmingham2022CommonwealthGames,2.15K subscribers,139 videos
Niagara 2022 Canada Summer Games,https://www.youtube.com/https://www.youtube.com/channel/UCpWP6p7_J_aWuP8TpbTQJnA,1.32K subscribers,63 videos
Ceres Games,https://www.youtube.com/https://www.youtube.com/c/CeresGames,465 subscribers,8 videos
Toys & Games,https://www.youtube.com/https://www.youtube.com/c/ToysGamesNSX,310K subscribers,191 videos
DEMiGOd GAMiNG,https://www.youtube.com/https://www.youtube.com/channel/UCeUU_DRJapEXrydlpvIkx_A,565K subscribers,725 videos
Epic Games,https://www.youtube.com/https://www.youtube.com/c/EpicGamesStore,434K subscribers,"1,455 videos"
MrBeast Gaming,https://www.youtube.com/https://www.youtube.com/channel/UCIPPMRA040LQr5QPyJEbmXA,28.6M subscribers,133 videos
Unfussy Board Games,https://www.youtube.com/https://www.youtube.com/c/UnfussyBoardGames,529 subscribers,46 videos
Windows Central Gaming,https://www.youtube.com/https://www.youtube.com/c/WindowsCentralGaming,25.3K subscribers,219 videos
Sir Georgeous Games - SirG,https://www.youtube.com/https://www.youtube.com/c/SirGeorgeousGamesSirG,6.42K subscribers,93 videos
DZMC Gaming,https://www.youtube.com/https://www.youtube.com/channel/UCVaaRe2P1nbal1WvI3RobjA,181 subscribers,334 videos
Riot Games Community,https://www.youtube.com/https://www.youtube.com/c/lolna,680K subscribers,253 videos
Z1 Gaming,https://www.youtube.com/https://www.youtube.com/c/Z1Gaming,479K subscribers,"2,746 videos"
Echo Games,https://www.youtube.com/https://www.youtube.com/c/EchoGames,1.01K subscribers,30 videos
PETER GAMES,https://www.youtube.com/https://www.youtube.com/channel/UCuBcg7I3WOpivHb1txmt6WQ,419K subscribers,730 videos
Youth Olympic Games,https://www.youtube.com/https://www.youtube.com/user/YouthOlympics,9.44K subscribers,162 videos
„ÄêÂÖ¨Âºè„ÄëTYPE-MOON GAMES,https://www.youtube.com/https://www.youtube.com/channel/UC2SPttwqD13PoROoLR_NKUg,140K subscribers,123 videos
WhatCulture Gaming,https://www.youtube.com/https://www.youtube.com/c/WhatCultureGaming,1.71M subscribers,"4,558 videos"
iThrive Games,https://www.youtube.com/https://www.youtube.com/channel/UCkAulZKw92QTrUGrNAriTEw,35 subscribers,31 videos
Noise Berry Games,https://www.youtube.com/https://www.youtube.com/c/NoiseBerryGames,22.8K subscribers,"4,073 videos"
Gaming Tamizhan,https://www.youtube.com/https://www.youtube.com/channel/UC_oCw5PLyGQEJvRtlkjwS6A,3.35M subscribers,865 videos
Game Endeavor,https://www.youtube.com/https://www.youtube.com/c/GameEndeavor,64.6K subscribers,50 videos
Hot Pepper Gaming,https://www.youtube.com/https://www.youtube.com/c/HotPepperGaming,244K subscribers,260 videos
New Zealand Rural Games,https://www.youtube.com/https://www.youtube.com/channel/UCJkXeKK_lxG9o_ivLrwbhrw,2.34K subscribers,145 videos
9AL Games,https://www.youtube.com/https://www.youtube.com/c/9al9algames,641K subscribers,918 videos
Cereal Games,https://www.youtube.com/https://www.youtube.com/channel/UChPNI_MPqGccWlQjloRNzQw,306 subscribers,27 videos
18th Asian Games 2018,https://www.youtube.com/https://www.youtube.com/c/asiangames2018,906K subscribers,313 videos
We Are Hub Games,https://www.youtube.com/https://www.youtube.com/c/WeAreHubGames,544 subscribers,235 videos
Rimmy - Downunder Gaming,https://www.youtube.com/https://www.youtube.com/c/RimmyDownunderGaming,528K subscribers,"1,245 videos"
Dark Point Games,https://www.youtube.com/https://www.youtube.com/c/DarkPointGames,352 subscribers,6 videos
JONATHAN GAMING,https://www.youtube.com/https://www.youtube.com/c/JONATHANGAMINGYT,4.55M subscribers,378 videos
Senpai Gaming,https://www.youtube.com/https://www.youtube.com/c/Senpai,648K subscribers,353 videos
Funny Games,https://www.youtube.com/https://www.youtube.com/channel/UCQBow-8voTgb03Jylo6Ih1g,13 subscribers,62 videos
Daryl Talks Games,https://www.youtube.com/https://www.youtube.com/c/DarylTalksGames,363K subscribers,67 videos
Skytear Games,https://www.youtube.com/https://www.youtube.com/c/Skytear,1.1K subscribers,231 videos
Tallman Gaming,https://www.youtube.com/https://www.youtube.com/channel/UCX23_3u-d5aMcf-TB8fM9aQ,5.87K subscribers,224 videos
Rockstar Games,https://www.youtube.com/https://www.youtube.com/c/RockstarGames,6.74M subscribers,311 videos
Bitwave Games,https://www.youtube.com/https://www.youtube.com/c/BitwaveGames,323 subscribers,22 videos
Kiloo Games,https://www.youtube.com/https://www.youtube.com/c/KilooMobileGames,3.19M subscribers,438 videos
JONTY GAMING,https://www.youtube.com/https://www.youtube.com/c/JONTYGAMING,2.85M subscribers,421 videos
Vambatik Games,https://www.youtube.com/https://www.youtube.com/channel/UCSccQlijUYMS025OILdWm4Q,17.8K subscribers,18 videos
Zalmi gaming,https://www.youtube.com/https://www.youtube.com/c/Zalmigaming,623K subscribers,455 videos
BEAST MODE GAMING,https://www.youtube.com/https://www.youtube.com/c/BeastModeGaming,55.5K subscribers,"3,693 videos"
D&E miniature and board games,https://www.youtube.com/https://www.youtube.com/channel/UC5v8uRCMdzHXgEOZC4rtbXg,1.97K subscribers,827 videos
ATHENA Gaming,https://www.youtube.com/https://www.youtube.com/c/ATHENAGamingyoutube,2.3M subscribers,"1,047 videos"
Warner Bros. Games UK & Ireland,https://www.youtube.com/https://www.youtube.com/c/WBGamesUK,107K subscribers,521 videos
Grey Fox Games,https://www.youtube.com/https://www.youtube.com/channel/UCF5tODTtGDZxL4KKsUSgM0w,396 subscribers,48 videos
Taming Games,https://www.youtube.com/https://www.youtube.com/channel/UCSWqfAneMiVYailJRaordkQ,1.01K subscribers,50 videos
Epic Games Publishing,https://www.youtube.com/https://www.youtube.com/c/EpicPublishing,3.56K subscribers,20 videos
The Game,https://www.youtube.com/https://www.youtube.com/c/TheGameVideo,2.75M subscribers,84 videos
Golemcito Games,https://www.youtube.com/https://www.youtube.com/c/GolemcitoGames,10.8M subscribers,399 videos
Munna bhai gaming,https://www.youtube.com/https://www.youtube.com/c/Munnabhaigaming,3.02M subscribers,"1,208 videos"
DoD Warrior Games,https://www.youtube.com/https://www.youtube.com/c/DoDWarriorGamesOFFICIAL,596 subscribers,147 videos
Rocket Panda Games,https://www.youtube.com/https://www.youtube.com/c/RocketPandaGames,1.36K subscribers,234 videos
Double-Barrel Gaming,https://www.youtube.com/https://www.youtube.com/c/DoubleBarrelGamingWMrBoomStickXL,11K subscribers,953 videos
Dynamo Gaming,https://www.youtube.com/https://www.youtube.com/c/DynamoGaming,10.1M subscribers,"1,912 videos"
Games EduUu,https://www.youtube.com/https://www.youtube.com/c/GamesEduUu,10.9M subscribers,"1,009 videos"
LoLzZz Gaming,https://www.youtube.com/https://www.youtube.com/c/LoLzZzGaming,1.12M subscribers,"2,183 videos"
Game Clips And Tips,https://www.youtube.com/https://www.youtube.com/c/GameClipsAndTips,80.9K subscribers,"2,779 videos"
Brace Yourself Games,https://www.youtube.com/https://www.youtube.com/c/BraceYourselfGames,10.9K subscribers,250 videos
Judo Sloth Gaming,https://www.youtube.com/https://www.youtube.com/c/JudoSloth,1.88M subscribers,"1,717 videos"
League of Legends,https://www.youtube.com/https://www.youtube.com/c/leagueoflegends,14.9M subscribers,"1,348 videos"
MASTIZONE GAMING,https://www.youtube.com/https://www.youtube.com/c/MASTIZONEGAMING,143K subscribers,808 videos
RON GAMING,https://www.youtube.com/https://www.youtube.com/c/RONGAMING72,4.52M subscribers,"1,571 videos"
Stove Gaming,https://www.youtube.com/https://www.youtube.com/c/StovesGaming,94.7K subscribers,131 videos
PAYAL GAMING,https://www.youtube.com/https://www.youtube.com/c/PAYALGAMING,2.51M subscribers,486 videos
KHAUF Gaming,https://www.youtube.com/https://www.youtube.com/c/KHAUF333,53.8K subscribers,405 videos
LIVE GAME VLOG,https://www.youtube.com/https://www.youtube.com/channel/UC5DKTw7TuICsvJwE_rJsGTA,126K subscribers,
Tej India Gaming,https://www.youtube.com/https://www.youtube.com/c/TejIndiaGaming112,282K subscribers,"1,120 videos"
RakaZone Gaming,https://www.youtube.com/https://www.youtube.com/c/RakaZoneGaming,478K subscribers,380 videos
QAYZER GAMING,https://www.youtube.com/https://www.youtube.com/c/QAYZERGAMING,103K subscribers,"1,234 videos"
EA Mobile Games,https://www.youtube.com/https://www.youtube.com/user/EAMobileGames,462K subscribers,312 videos
Lib Gaming,https://www.youtube.com/https://www.youtube.com/c/LibGamingisLucky,51.1K subscribers,458 videos
Blendo Games,https://www.youtube.com/https://www.youtube.com/user/BlendoGames,2.99K subscribers,75 videos
Yaza Games | Inkulinati,https://www.youtube.com/https://www.youtube.com/channel/UCYKm3NCYQU0BoK4TsZQdqTw,503 subscribers,16 videos
GAMING 4 LIFE,https://www.youtube.com/https://www.youtube.com/c/GAMING4LIFE247,49.3K subscribers,"1,221 videos"
vapor3x games,https://www.youtube.com/https://www.youtube.com/channel/UCb2en1r9dY2oTfYdvOG1jgQ,2.61K subscribers,169 videos
Argsy Gaming,https://www.youtube.com/https://www.youtube.com/c/ArgsyGaming,12.7K subscribers,556 videos
James Loves Games,https://www.youtube.com/https://www.youtube.com/c/JamesLovesGames,4.31K subscribers,603 videos
Games As Literature,https://www.youtube.com/https://www.youtube.com/c/GamesAsLiterature,50.2K subscribers,191 videos
MY.GAMES,https://www.youtube.com/https://www.youtube.com/user/GamesMyCom,12.1K subscribers,307 videos
THE LEGIT GAMING,https://www.youtube.com/https://www.youtube.com/channel/UCe4bubvNWxeD_Tjj6PpVBDA,127K subscribers,"1,477 videos"
Erelic Gaming,https://www.youtube.com/https://www.youtube.com/c/ErelicGaming,8.28K subscribers,"1,129 videos"
Red Thread Games,https://www.youtube.com/https://www.youtube.com/user/RedThreadGaming,3.74K subscribers,25 videos
The Warehouse Games,https://www.youtube.com/https://www.youtube.com/channel/UCIBJINNTKXHp7fkfpJqcpjw,52.6K subscribers,78 videos
Massive Damage Games,https://www.youtube.com/https://www.youtube.com/c/MassiveDamageGames,1.05K subscribers,42 videos
Nellai gaming,https://www.youtube.com/https://www.youtube.com/channel/UCJZgNJux3WbMUq8grdQr0EA,441K subscribers,440 videos
Gaming Wala,https://www.youtube.com/https://www.youtube.com/c/GamingWalaSourav,19.6K subscribers,596 videos
‚Ä†Games 2332‚Ä†,https://www.youtube.com/https://www.youtube.com/channel/UCIP-C6WzX2tMunFe7-FCOAw,14 subscribers,31 videos
In vIdEo GaMeS,https://www.youtube.com/https://www.youtube.com/c/InvIdEoGaMeS,247K subscribers,"4,527 videos"
Holy Grail Games,https://www.youtube.com/https://www.youtube.com/c/HolyGrailGames,1.32K subscribers,146 videos
NinjaGeek Games,https://www.youtube.com/https://www.youtube.com/c/NinjaGeekGames,1.29K subscribers,105 videos
Andos Gaming,https://www.youtube.com/https://www.youtube.com/c/AndosGaming,40.6K subscribers,123 videos
Orube Game Studio,https://www.youtube.com/https://www.youtube.com/c/OrubeGameStudio,312K subscribers,195 videos
A44 Games,https://www.youtube.com/https://www.youtube.com/c/A44Games,465 subscribers,10 videos
Earthborne Games,https://www.youtube.com/https://www.youtube.com/channel/UCD8iCOqspgj2FeVV0NURPRg,711 subscribers,20 videos
The Deep End Games,https://www.youtube.com/https://www.youtube.com/user/TheLoviticus,757 subscribers,18 videos
Devilrace Gaming,https://www.youtube.com/https://www.youtube.com/c/DevilraceGaming15,80.2K subscribers,"1,176 videos"
Xxiou Games,https://www.youtube.com/https://www.youtube.com/c/XxiouGames,8.95K subscribers,283 videos
Momot Games,https://www.youtube.com/https://www.youtube.com/c/MomotGames,837 subscribers,"2,598 videos"
Refugium Games,https://www.youtube.com/https://www.youtube.com/c/RefugiumGames,437 subscribers,4 videos
Big Board Gaming,https://www.youtube.com/https://www.youtube.com/c/BigBoardGaming,5.02K subscribers,"1,841 videos"
Talk About Games,https://www.youtube.com/https://www.youtube.com/c/TalkAboutGames,16.7K subscribers,53 videos
Q-Games,https://www.youtube.com/https://www.youtube.com/user/PixelJunkQ,1.84K subscribers,81 videos
Reds Classic Games,https://www.youtube.com/https://www.youtube.com/c/RedsClassicGames,693 subscribers,302 videos
Hector Gaming,https://www.youtube.com/https://www.youtube.com/channel/UCrBcOBneWjb98mh-x6kbUJg,176K subscribers,73 videos
Mister Morris Games,https://www.youtube.com/https://www.youtube.com/c/MisterMorrisGames,1.56K subscribers,8 videos
GamesczTV,https://www.youtube.com/https://www.youtube.com/c/GamesczTV,26.2K subscribers,"2,384 videos"
MrBeast Gaming en Espa√±ol,https://www.youtube.com/https://www.youtube.com/c/mrbeastgamingespanol,4.82M subscribers,33 videos
PID Games,https://www.youtube.com/https://www.youtube.com/channel/UCzuf_jpBGRHU3IDCishmpoQ,425 subscribers,66 videos
Games Night,https://www.youtube.com/https://www.youtube.com/c/GamesNight,179K subscribers,416 videos
Games By Noob,https://www.youtube.com/https://www.youtube.com/c/GamesByNoob,1.28K subscribers,143 videos
Winterpixel Games,https://www.youtube.com/https://www.youtube.com/channel/UCg9ohuIrJYMd5bXHz_tDh4A,590 subscribers,6 videos
ANOC World Beach Games,https://www.youtube.com/https://www.youtube.com/c/ANOCWorldBeachGames,4.51K subscribers,278 videos
Hopoo Games,https://www.youtube.com/https://www.youtube.com/user/spacegame2012,25.9K subscribers,21 videos
Myelin Games,https://www.youtube.com/https://www.youtube.com/c/MyelinGames,234K subscribers,536 videos
Wehrlegig Games,https://www.youtube.com/https://www.youtube.com/channel/UCdyK69ww2m2lpFJO7gkct2g,1.16K subscribers,9 videos
"Yeah, I Make Games",https://www.youtube.com/https://www.youtube.com/channel/UCHIwWkRxpQnc0CrBH_pjUGA,2.54K subscribers,14 videos
Arfi Games,https://www.youtube.com/https://www.youtube.com/channel/UCmV4oZ4VeNXmGkjt8vcrZMA,657 subscribers,687 videos
Numantian Games,https://www.youtube.com/https://www.youtube.com/c/NumantianGames,2.79K subscribers,16 videos
Salt and Sass Games,https://www.youtube.com/https://www.youtube.com/c/SaltandSassGames,2.28K subscribers,443 videos
Charles Games,https://www.youtube.com/https://www.youtube.com/channel/UCgYFXGpnvyDQGzf3pg81gIQ,244 subscribers,47 videos
DeeWay Gaming,https://www.youtube.com/https://www.youtube.com/c/DeeWayGaming,100K subscribers,29 videos
Red Pill Dos Games,https://www.youtube.com/https://www.youtube.com/channel/UCL6smAkCKq9pbEN5jrdo9Cg,882 subscribers,330 videos
WBStudios Games,https://www.youtube.com/https://www.youtube.com/c/WBStudiosGames,801 subscribers,147 videos
